{
    "epoch": 1.0,
    "eval_accuracy": 0.9161632802489474,
    "eval_loss": 0.213045135140419,
    "eval_runtime": 108.5483,
    "eval_samples": 5463,
    "eval_samples_per_second": 50.328,
    "eval_steps_per_second": 6.292
}